{
  "epoch": 1,
  "accuracy": 0.8841743119266054,
  "baseline_accuracy": 0.4886,
  "improvement": 0.39557431192660547,
  "best_accuracy": 0.8841743119266054,
  "lora_rank": 8,
  "lora_alpha": 16
}