{
  "accuracy": 0.908256880733945,
  "precision": 0.90625,
  "recall": 0.9144144144144144,
  "f1_score": 0.9103139013452914,
  "roc_auc": 0.9686842216047824
}