{
  "accuracy": 0.9036697247706422,
  "precision": 0.9186046511627907,
  "recall": 0.8896396396396397,
  "f1_score": 0.9038901601830663,
  "roc_auc": 0.9658268081165277
}