{
  "accuracy": 0.8841743119266054,
  "precision": 0.8960739030023095,
  "recall": 0.8738738738738738,
  "f1_score": 0.8848346636259977,
  "roc_auc": 0.9551628146838427
}