{
  "accuracy": 0.8509174311926605,
  "precision": 0.8568181818181818,
  "recall": 0.8490990990990991,
  "f1_score": 0.8529411764705882,
  "roc_auc": 0.9252020712301086
}