{
  "accuracy": 0.6467889908256881,
  "precision": 0.6223021582733813,
  "recall": 0.7792792792792793,
  "f1_score": 0.692,
  "roc_auc": 0.7112196893154837
}