{
  "accuracy": 0.5470183486238532,
  "precision": 0.5312899106002554,
  "recall": 0.9369369369369369,
  "f1_score": 0.6780766096169519,
  "roc_auc": 0.6637145322892987
}