{
  "accuracy": 0.8428899082568807,
  "precision": 0.8886075949367088,
  "recall": 0.7905405405405406,
  "f1_score": 0.8367103694874851,
  "roc_auc": 0.9202213311442283
}