{
  "config": {
    "model": "bert-base-uncased",
    "lora_rank": 8,
    "lora_alpha": 8,
    "learning_rate": 0.0001,
    "batch_size": 64,
    "epochs": 3
  },
  "final_metrics": {
    "accuracy": 0.8509174311926605,
    "precision": 0.8568181818181818,
    "recall": 0.8490990990990991,
    "f1_score": 0.8529411764705882,
    "roc_auc": 0.9252020712301086
  },
  "metrics_history": [
    {
      "accuracy": 0.6467889908256881,
      "precision": 0.6223021582733813,
      "recall": 0.7792792792792793,
      "f1_score": 0.692,
      "roc_auc": 0.7112196893154837
    },
    {
      "accuracy": 0.8428899082568807,
      "precision": 0.8886075949367088,
      "recall": 0.7905405405405406,
      "f1_score": 0.8367103694874851,
      "roc_auc": 0.9202213311442283
    },
    {
      "accuracy": 0.8509174311926605,
      "precision": 0.8568181818181818,
      "recall": 0.8490990990990991,
      "f1_score": 0.8529411764705882,
      "roc_auc": 0.9252020712301086
    }
  ]
}